Year,R-squared,p-value,Coefficient
2022,0.0020331366226604697,0.8502799793329158,-0.04702590442115662
2021,0.3406493581184009,0.00870392839996877,3.0388796226815535
2020,0.34078762367944515,0.0068855190290054045,3.399050211662773
2019,0.27271863774951755,0.018174875690956743,2.713141976410128
2017,0.24852616998313048,0.029815265172813583,1.4675679132039505
