Year,Mean,Std,Min,Max,Count
2022,2536746.4,7550922.99768489,728.0,33740646.0,20.0
2021,867568.6315789474,1182005.4535958138,80.0,5423566.0,19.0
2020,701990.7,1179094.0296528784,148.0,4417780.0,20.0
2019,616176.6,1027629.1870914077,120.0,3694280.0,20.0
2017,998355.6842105263,1623454.4073053694,1400.0,5822544.0,19.0
